Workbook

Sheet 変化6通り
A1: No | B1: 上げる項目 | C1: 下げる項目
A2: 1 | B2: HP | C2: 攻撃
A3: 2 | B3: HP | C3: 守備
A4: 3 | B4: 攻撃 | C4: HP
A5: 4 | B5: 攻撃 | C5: 守備
A6: 5 | B6: 守備 | C6: HP
A7: 6 | B7: 守備 | C7: 攻撃
A9: 質問の結果は、この6通りのどれかに対応させる（質問の内容自体は未定）。素早さは変化の対象外。

Sheet 基本ステータス
A1: タイプ別の基本ステータス（仮の数値）
A3: タイプ | B3: HP | C3: 攻撃 | D3: 守備 | E3: 素早さ | F3: 特徴の補正
A4: ネコ科(スピード・会心) | B4: 150 | C4: 65 | D4: 35 | E4: 80 | F4: 会心率+15%
A5: イヌ科(バランス) | B5: 200 | C5: 50 | D5: 50 | E5: 50 | F5: なし
A6: 大型(タンク) | B6: 240 | C6: 40 | D6: 60 | E6: 25 | F6: 先攻を取れない
A7: 鳥類(回避・テクニカル) | B7: 180 | C7: 55 | D7: 40 | E7: 70 | F7: QTE判定が広い
A8: 爬虫類(トリッキー) | B8: 190 | C8: 45 | D8: 55 | E8: 45 | F8: 毒などの状態異常
A10: 変化率（上げる／下げる幅） | B10: 0.1
A12: 青文字・黄色セルは編集できる入力値。数値はたたき台で、シミュレーションで調整する前提。
A13: 素早さは先攻を決めるだけの役割（同値の場合はランダム）。
A14: 出典：会話内でユーザーと決めた方針と、Claudeが提案した仮の配分。

Sheet 30通り
A1: No | B1: タイプ | C1: 変化No | D1: 上げる項目 | E1: 下げる項目 | F1: HP | G1: 攻撃 | H1: 守備 | I1: 素早さ | K1: 5タイプ × 質問由来の変化6通り = 30通り。数値は基本ステータス・変化6通りのシートから自動計算。
A2: 1 | B2: ネコ科(スピード・会心) | C2: 1 | D2: =INDEX(変化6通り!$B$2:$B$7,C2) -> HP | E2: =INDEX(変化6通り!$C$2:$C$7,C2) -> 攻撃 | F2: =ROUND(INDEX(基本ステータス!$B$4:$B$8,MATCH($B2,基本ステータス!$A$4:$A$8,0))*(1+IF($D2="HP",基本ステータス!$B$10,0)-IF($E2="HP",基本ステータス!$B$10,0)),0) -> 165 | G2: =ROUND(INDEX(基本ステータス!$C$4:$C$8,MATCH($B2,基本ステータス!$A$4:$A$8,0))*(1+IF($D2="攻撃",基本ステータス!$B$10,0)-IF($E2="攻撃",基本ステータス!$B$10,0)),0) -> 59 | H2: =ROUND(INDEX(基本ステータス!$D$4:$D$8,MATCH($B2,基本ステータス!$A$4:$A$8,0))*(1+IF($D2="守備",基本ステータス!$B$10,0)-IF($E2="守備",基本ステータス!$B$10,0)),0) -> 35 | I2: =INDEX(基本ステータス!$E$4:$E$8,MATCH($B2,基本ステータス!$A$4:$A$8,0)) -> 80
A3: 2 | B3: ネコ科(スピード・会心) | C3: 2 | D3: =INDEX(変化6通り!$B$2:$B$7,C3) -> HP | E3: =INDEX(変化6通り!$C$2:$C$7,C3) -> 守備 | F3: =ROUND(INDEX(基本ステータス!$B$4:$B$8,MATCH($B3,基本ステータス!$A$4:$A$8,0))*(1+IF($D3="HP",基本ステータス!$B$10,0)-IF($E3="HP",基本ステータス!$B$10,0)),0) -> 165 | G3: =ROUND(INDEX(基本ステータス!$C$4:$C$8,MATCH($B3,基本ステータス!$A$4:$A$8,0))*(1+IF($D3="攻撃",基本ステータス!$B$10,0)-IF($E3="攻撃",基本ステータス!$B$10,0)),0) -> 65 | H3: =ROUND(INDEX(基本ステータス!$D$4:$D$8,MATCH($B3,基本ステータス!$A$4:$A$8,0))*(1+IF($D3="守備",基本ステータス!$B$10,0)-IF($E3="守備",基本ステータス!$B$10,0)),0) -> 32 | I3: =INDEX(基本ステータス!$E$4:$E$8,MATCH($B3,基本ステータス!$A$4:$A$8,0)) -> 80
A4: 3 | B4: ネコ科(スピード・会心) | C4: 3 | D4: =INDEX(変化6通り!$B$2:$B$7,C4) -> 攻撃 | E4: =INDEX(変化6通り!$C$2:$C$7,C4) -> HP | F4: =ROUND(INDEX(基本ステータス!$B$4:$B$8,MATCH($B4,基本ステータス!$A$4:$A$8,0))*(1+IF($D4="HP",基本ステータス!$B$10,0)-IF($E4="HP",基本ステータス!$B$10,0)),0) -> 135 | G4: =ROUND(INDEX(基本ステータス!$C$4:$C$8,MATCH($B4,基本ステータス!$A$4:$A$8,0))*(1+IF($D4="攻撃",基本ステータス!$B$10,0)-IF($E4="攻撃",基本ステータス!$B$10,0)),0) -> 72 | H4: =ROUND(INDEX(基本ステータス!$D$4:$D$8,MATCH($B4,基本ステータス!$A$4:$A$8,0))*(1+IF($D4="守備",基本ステータス!$B$10,0)-IF($E4="守備",基本ステータス!$B$10,0)),0) -> 35 | I4: =INDEX(基本ステータス!$E$4:$E$8,MATCH($B4,基本ステータス!$A$4:$A$8,0)) -> 80
A5: 4 | B5: ネコ科(スピード・会心) | C5: 4 | D5: =INDEX(変化6通り!$B$2:$B$7,C5) -> 攻撃 | E5: =INDEX(変化6通り!$C$2:$C$7,C5) -> 守備 | F5: =ROUND(INDEX(基本ステータス!$B$4:$B$8,MATCH($B5,基本ステータス!$A$4:$A$8,0))*(1+IF($D5="HP",基本ステータス!$B$10,0)-IF($E5="HP",基本ステータス!$B$10,0)),0) -> 150 | G5: =ROUND(INDEX(基本ステータス!$C$4:$C$8,MATCH($B5,基本ステータス!$A$4:$A$8,0))*(1+IF($D5="攻撃",基本ステータス!$B$10,0)-IF($E5="攻撃",基本ステータス!$B$10,0)),0) -> 72 | H5: =ROUND(INDEX(基本ステータス!$D$4:$D$8,MATCH($B5,基本ステータス!$A$4:$A$8,0))*(1+IF($D5="守備",基本ステータス!$B$10,0)-IF($E5="守備",基本ステータス!$B$10,0)),0) -> 32 | I5: =INDEX(基本ステータス!$E$4:$E$8,MATCH($B5,基本ステータス!$A$4:$A$8,0)) -> 80
A6: 5 | B6: ネコ科(スピード・会心) | C6: 5 | D6: =INDEX(変化6通り!$B$2:$B$7,C6) -> 守備 | E6: =INDEX(変化6通り!$C$2:$C$7,C6) -> HP | F6: =ROUND(INDEX(基本ステータス!$B$4:$B$8,MATCH($B6,基本ステータス!$A$4:$A$8,0))*(1+IF($D6="HP",基本ステータス!$B$10,0)-IF($E6="HP",基本ステータス!$B$10,0)),0) -> 135 | G6: =ROUND(INDEX(基本ステータス!$C$4:$C$8,MATCH($B6,基本ステータス!$A$4:$A$8,0))*(1+IF($D6="攻撃",基本ステータス!$B$10,0)-IF($E6="攻撃",基本ステータス!$B$10,0)),0) -> 65 | H6: =ROUND(INDEX(基本ステータス!$D$4:$D$8,MATCH($B6,基本ステータス!$A$4:$A$8,0))*(1+IF($D6="守備",基本ステータス!$B$10,0)-IF($E6="守備",基本ステータス!$B$10,0)),0) -> 39 | I6: =INDEX(基本ステータス!$E$4:$E$8,MATCH($B6,基本ステータス!$A$4:$A$8,0)) -> 80
A7: 6 | B7: ネコ科(スピード・会心) | C7: 6 | D7: =INDEX(変化6通り!$B$2:$B$7,C7) -> 守備 | E7: =INDEX(変化6通り!$C$2:$C$7,C7) -> 攻撃 | F7: =ROUND(INDEX(基本ステータス!$B$4:$B$8,MATCH($B7,基本ステータス!$A$4:$A$8,0))*(1+IF($D7="HP",基本ステータス!$B$10,0)-IF($E7="HP",基本ステータス!$B$10,0)),0) -> 150 | G7: =ROUND(INDEX(基本ステータス!$C$4:$C$8,MATCH($B7,基本ステータス!$A$4:$A$8,0))*(1+IF($D7="攻撃",基本ステータス!$B$10,0)-IF($E7="攻撃",基本ステータス!$B$10,0)),0) -> 59 | H7: =ROUND(INDEX(基本ステータス!$D$4:$D$8,MATCH($B7,基本ステータス!$A$4:$A$8,0))*(1+IF($D7="守備",基本ステータス!$B$10,0)-IF($E7="守備",基本ステータス!$B$10,0)),0) -> 39 | I7: =INDEX(基本ステータス!$E$4:$E$8,MATCH($B7,基本ステータス!$A$4:$A$8,0)) -> 80
A8: 7 | B8: イヌ科(バランス) | C8: 1 | D8: =INDEX(変化6通り!$B$2:$B$7,C8) -> HP | E8: =INDEX(変化6通り!$C$2:$C$7,C8) -> 攻撃 | F8: =ROUND(INDEX(基本ステータス!$B$4:$B$8,MATCH($B8,基本ステータス!$A$4:$A$8,0))*(1+IF($D8="HP",基本ステータス!$B$10,0)-IF($E8="HP",基本ステータス!$B$10,0)),0) -> 220 | G8: =ROUND(INDEX(基本ステータス!$C$4:$C$8,MATCH($B8,基本ステータス!$A$4:$A$8,0))*(1+IF($D8="攻撃",基本ステータス!$B$10,0)-IF($E8="攻撃",基本ステータス!$B$10,0)),0) -> 45 | H8: =ROUND(INDEX(基本ステータス!$D$4:$D$8,MATCH($B8,基本ステータス!$A$4:$A$8,0))*(1+IF($D8="守備",基本ステータス!$B$10,0)-IF($E8="守備",基本ステータス!$B$10,0)),0) -> 50 | I8: =INDEX(基本ステータス!$E$4:$E$8,MATCH($B8,基本ステータス!$A$4:$A$8,0)) -> 50
A9: 8 | B9: イヌ科(バランス) | C9: 2 | D9: =INDEX(変化6通り!$B$2:$B$7,C9) -> HP | E9: =INDEX(変化6通り!$C$2:$C$7,C9) -> 守備 | F9: =ROUND(INDEX(基本ステータス!$B$4:$B$8,MATCH($B9,基本ステータス!$A$4:$A$8,0))*(1+IF($D9="HP",基本ステータス!$B$10,0)-IF($E9="HP",基本ステータス!$B$10,0)),0) -> 220 | G9: =ROUND(INDEX(基本ステータス!$C$4:$C$8,MATCH($B9,基本ステータス!$A$4:$A$8,0))*(1+IF($D9="攻撃",基本ステータス!$B$10,0)-IF($E9="攻撃",基本ステータス!$B$10,0)),0) -> 50 | H9: =ROUND(INDEX(基本ステータス!$D$4:$D$8,MATCH($B9,基本ステータス!$A$4:$A$8,0))*(1+IF($D9="守備",基本ステータス!$B$10,0)-IF($E9="守備",基本ステータス!$B$10,0)),0) -> 45 | I9: =INDEX(基本ステータス!$E$4:$E$8,MATCH($B9,基本ステータス!$A$4:$A$8,0)) -> 50
A10: 9 | B10: イヌ科(バランス) | C10: 3 | D10: =INDEX(変化6通り!$B$2:$B$7,C10) -> 攻撃 | E10: =INDEX(変化6通り!$C$2:$C$7,C10) -> HP | F10: =ROUND(INDEX(基本ステータス!$B$4:$B$8,MATCH($B10,基本ステータス!$A$4:$A$8,0))*(1+IF($D10="HP",基本ステータス!$B$10,0)-IF($E10="HP",基本ステータス!$B$10,0)),0) -> 180 | G10: =ROUND(INDEX(基本ステータス!$C$4:$C$8,MATCH($B10,基本ステータス!$A$4:$A$8,0))*(1+IF($D10="攻撃",基本ステータス!$B$10,0)-IF($E10="攻撃",基本ステータス!$B$10,0)),0) -> 55 | H10: =ROUND(INDEX(基本ステータス!$D$4:$D$8,MATCH($B10,基本ステータス!$A$4:$A$8,0))*(1+IF($D10="守備",基本ステータス!$B$10,0)-IF($E10="守備",基本ステータス!$B$10,0)),0) -> 50 | I10: =INDEX(基本ステータス!$E$4:$E$8,MATCH($B10,基本ステータス!$A$4:$A$8,0)) -> 50
A11: 10 | B11: イヌ科(バランス) | C11: 4 | D11: =INDEX(変化6通り!$B$2:$B$7,C11) -> 攻撃 | E11: =INDEX(変化6通り!$C$2:$C$7,C11) -> 守備 | F11: =ROUND(INDEX(基本ステータス!$B$4:$B$8,MATCH($B11,基本ステータス!$A$4:$A$8,0))*(1+IF($D11="HP",基本ステータス!$B$10,0)-IF($E11="HP",基本ステータス!$B$10,0)),0) -> 200 | G11: =ROUND(INDEX(基本ステータス!$C$4:$C$8,MATCH($B11,基本ステータス!$A$4:$A$8,0))*(1+IF($D11="攻撃",基本ステータス!$B$10,0)-IF($E11="攻撃",基本ステータス!$B$10,0)),0) -> 55 | H11: =ROUND(INDEX(基本ステータス!$D$4:$D$8,MATCH($B11,基本ステータス!$A$4:$A$8,0))*(1+IF($D11="守備",基本ステータス!$B$10,0)-IF($E11="守備",基本ステータス!$B$10,0)),0) -> 45 | I11: =INDEX(基本ステータス!$E$4:$E$8,MATCH($B11,基本ステータス!$A$4:$A$8,0)) -> 50
A12: 11 | B12: イヌ科(バランス) | C12: 5 | D12: =INDEX(変化6通り!$B$2:$B$7,C12) -> 守備 | E12: =INDEX(変化6通り!$C$2:$C$7,C12) -> HP | F12: =ROUND(INDEX(基本ステータス!$B$4:$B$8,MATCH($B12,基本ステータス!$A$4:$A$8,0))*(1+IF($D12="HP",基本ステータス!$B$10,0)-IF($E12="HP",基本ステータス!$B$10,0)),0) -> 180 | G12: =ROUND(INDEX(基本ステータス!$C$4:$C$8,MATCH($B12,基本ステータス!$A$4:$A$8,0))*(1+IF($D12="攻撃",基本ステータス!$B$10,0)-IF($E12="攻撃",基本ステータス!$B$10,0)),0) -> 50 | H12: =ROUND(INDEX(基本ステータス!$D$4:$D$8,MATCH($B12,基本ステータス!$A$4:$A$8,0))*(1+IF($D12="守備",基本ステータス!$B$10,0)-IF($E12="守備",基本ステータス!$B$10,0)),0) -> 55 | I12: =INDEX(基本ステータス!$E$4:$E$8,MATCH($B12,基本ステータス!$A$4:$A$8,0)) -> 50
A13: 12 | B13: イヌ科(バランス) | C13: 6 | D13: =INDEX(変化6通り!$B$2:$B$7,C13) -> 守備 | E13: =INDEX(変化6通り!$C$2:$C$7,C13) -> 攻撃 | F13: =ROUND(INDEX(基本ステータス!$B$4:$B$8,MATCH($B13,基本ステータス!$A$4:$A$8,0))*(1+IF($D13="HP",基本ステータス!$B$10,0)-IF($E13="HP",基本ステータス!$B$10,0)),0) -> 200 | G13: =ROUND(INDEX(基本ステータス!$C$4:$C$8,MATCH($B13,基本ステータス!$A$4:$A$8,0))*(1+IF($D13="攻撃",基本ステータス!$B$10,0)-IF($E13="攻撃",基本ステータス!$B$10,0)),0) -> 45 | H13: =ROUND(INDEX(基本ステータス!$D$4:$D$8,MATCH($B13,基本ステータス!$A$4:$A$8,0))*(1+IF($D13="守備",基本ステータス!$B$10,0)-IF($E13="守備",基本ステータス!$B$10,0)),0) -> 55 | I13: =INDEX(基本ステータス!$E$4:$E$8,MATCH($B13,基本ステータス!$A$4:$A$8,0)) -> 50
... A31: 30 | B31: 爬虫類(トリッキー) | C31: 6 | D31: =INDEX(変化6通り!$B$2:$B$7,C31) -> 守備 | E31: =INDEX(変化6通り!$C$2:$C$7,C31) -> 攻撃 | F31: =ROUND(INDEX(基本ステータス!$B$4:$B$8,MATCH($B31,基本ステータス!$A$4:$A$8,0))*(1+IF($D31="HP",基本ステータス!$B$10,0)-IF($E31="HP",基本ステータス!$B$10,0)),0) -> 190 | G31: =ROUND(INDEX(基本ステータス!$C$4:$C$8,MATCH($B31,基本ステータス!$A$4:$A$8,0))*(1+IF($D31="攻撃",基本ステータス!$B$10,0)-IF($E31="攻撃",基本ステータス!$B$10,0)),0) -> 41 | H31: =ROUND(INDEX(基本ステータス!$D$4:$D$8,MATCH($B31,基本ステータス!$A$4:$A$8,0))*(1+IF($D31="守備",基本ステータス!$B$10,0)-IF($E31="守備",基本ステータス!$B$10,0)),0) -> 61 | I31: =INDEX(基本ステータス!$E$4:$E$8,MATCH($B31,基本ステータス!$A$4:$A$8,0)) -> 45
